Family,Genus,Species,Csome,Ploidy,GS,Repeated,Nonmultiple,Minimum,Maybehybrid,Both,Chromploid,PSID,Name
ACTINIDIACEAE,Actinidia,chinensis,58,2,0.78,,,1,,1,1,1,Actinidia_chinensis
ACTINIDIACEAE,Actinidia,chinensis,174,6,2.1,,,0,,1,0,1,Actinidia_chinensis
ALISMATACEAE,Alisma,plantago-aquatica,14,2,10.3,,1,1,,1,1,2,Alisma_plantago-aquatica
ALISMATACEAE,Alisma,plantago-aquatica,26,,16.55,,1,0,,,0,2,Alisma_plantago-aquatica
ALSTROEMERIACEAE,Alstroemeria,aurea,16,2,26.75,,,1,,1,1,3,Alstroemeria_aurea
ALSTROEMERIACEAE,Alstroemeria,aurea,24,3,40.45,,,0,,1,0,3,Alstroemeria_aurea
ALSTROEMERIACEAE,Alstroemeria,magnifica,16,2,18.25,,,1,,1,1,4,Alstroemeria_magnifica
ALSTROEMERIACEAE,Alstroemeria,magnifica,24,3,30.8,,,0,,1,0,4,Alstroemeria_magnifica
AMARANTHACEAE,Atriplex,halimus,18,2,1.22,,,1,,1,1,5,Atriplex_halimus
AMARANTHACEAE,Atriplex,halimus,36,4,2.39,,,0,,1,0,5,Atriplex_halimus
AMARANTHACEAE,Celosia,argentea,36,4,1.65,,,1,,1,1,6,Celosia_argentea
AMARANTHACEAE,Celosia,argentea,72,8,3.55,,,0,,1,0,6,Celosia_argentea
AMARANTHACEAE,Chenopodium,album,18,2,0.77,,,1,,1,1,7,Chenopodium_album
AMARANTHACEAE,Chenopodium,album,36,4,1.63,,,0,,1,0,7,Chenopodium_album
AMARANTHACEAE,Chenopodium,album,54,6,2.33,,,0,,1,0,7,Chenopodium_album
AMARYLLIDACEAE,Agapanthus,africanus,30,2,15.8,,,1,,1,1,8,Agapanthus_africanus
AMARYLLIDACEAE,Agapanthus,africanus,,3,23.78,,,0,,,0,8,Agapanthus_africanus
AMARYLLIDACEAE,Agapanthus,inapertus,30,2,12.57,,,1,,1,1,9,Agapanthus_inapertus
AMARYLLIDACEAE,Agapanthus,inapertus,,3,18.31,,,0,,,0,9,Agapanthus_inapertus
AMARYLLIDACEAE,Allium,angulosum,16,2,15.1,,,1,,1,1,10,Allium_angulosum
AMARYLLIDACEAE,Allium,angulosum,32,4,20.6,,,0,,1,0,10,Allium_angulosum
AMARYLLIDACEAE,Allium,atropurpureum,16,2,25.05,,,1,,1,1,11,Allium_atropurpureum
AMARYLLIDACEAE,Allium,atropurpureum,32,4,28.25,,,0,,1,0,11,Allium_atropurpureum
AMARYLLIDACEAE,Allium,carinatum,16,2,11.2,,,1,,1,1,12,Allium_carinatum
AMARYLLIDACEAE,Allium,carinatum,24,3,16.33,,,0,,1,0,12,Allium_carinatum
AMARYLLIDACEAE,Allium,lineare,16,2,13.1,,,1,,1,1,13,Allium_lineare
AMARYLLIDACEAE,Allium,lineare,48,6,22.65,,,0,,1,0,13,Allium_lineare
AMARYLLIDACEAE,Allium,nutans,32,4,22.63,,1,1,,1,1,14,Allium_nutans
AMARYLLIDACEAE,Allium,nutans,66,8,47.48,,1,0,,1,0,14,Allium_nutans
AMARYLLIDACEAE,Allium,schoenoprasum,16,2,8.45,,,1,,1,1,15,Allium_schoenoprasum
AMARYLLIDACEAE,Allium,schoenoprasum,32,4,13.38,,,0,,1,0,15,Allium_schoenoprasum
AMARYLLIDACEAE,Allium,sphaerocephalon,16,2,11.93,,,1,,1,1,16,Allium_sphaerocephalon
AMARYLLIDACEAE,Allium,sphaerocephalon,24,3,20.06,,,0,,1,0,16,Allium_sphaerocephalon
AMARYLLIDACEAE,Allium,splendens,32,4,24.3,,,1,,1,1,17,Allium_splendens
AMARYLLIDACEAE,Allium,splendens,40,5,25,,,0,,1,0,17,Allium_splendens
AMARYLLIDACEAE,Allium,splendens,48,6,33,,,0,,1,0,17,Allium_splendens
AMARYLLIDACEAE,Allium,victorialis,16,2,19.05,,,1,,1,1,18,Allium_victorialis
AMARYLLIDACEAE,Allium,victorialis,32,4,41.75,,,0,,1,0,18,Allium_victorialis
AMARYLLIDACEAE,Allium,wallichii,14,2,16.25,,,1,,1,1,19,Allium_wallichii
AMARYLLIDACEAE,Allium,wallichii,28,4,30.5,,,0,,1,0,19,Allium_wallichii
AMARYLLIDACEAE,Allium,zebdanense,18,2,12.65,,,1,,1,1,20,Allium_zebdanense
AMARYLLIDACEAE,Allium,zebdanense,45,5,30.8,,,0,,1,0,20,Allium_zebdanense
AMARYLLIDACEAE,Galanthus,alpinus,24,2,31.1,,,1,,1,1,21,Galanthus_alpinus
AMARYLLIDACEAE,Galanthus,alpinus,36,3,46.3,,,0,,1,0,21,Galanthus_alpinus
AMARYLLIDACEAE,Galanthus,elwesii,24,2,27.65,,,1,,1,1,22,Galanthus_elwesii
AMARYLLIDACEAE,Galanthus,elwesii,48,4,53.3,,,0,,1,0,22,Galanthus_elwesii
AMARYLLIDACEAE,Galanthus,elwesii,72,6,78.7,,,0,,1,0,22,Galanthus_elwesii
AMARYLLIDACEAE,Galanthus,nivalis,24,2,36.1,,,1,,1,1,23,Galanthus_nivalis
AMARYLLIDACEAE,Galanthus,nivalis,36,3,52.65,,,0,,1,0,23,Galanthus_nivalis
AMARYLLIDACEAE,Galanthus,rizehensis,24,2,24.25,,,1,,1,1,24,Galanthus_rizehensis
AMARYLLIDACEAE,Galanthus,rizehensis,36,3,36.45,,,0,,1,0,24,Galanthus_rizehensis
AMARYLLIDACEAE,Galanthus,transcaucasicus,24,2,40.95,,,1,,1,1,25,Galanthus_transcaucasicus
AMARYLLIDACEAE,Galanthus,transcaucasicus,48,4,80.6,,,0,,1,0,25,Galanthus_transcaucasicus
AMARYLLIDACEAE,Narcissus,hispanicus,14,2,12.9,,,1,,1,1,26,Narcissus_hispanicus
AMARYLLIDACEAE,Narcissus,hispanicus,21,3,19.65,,,0,,1,0,26,Narcissus_hispanicus
AMARYLLIDACEAE,Narcissus,poeticus,,2,12.17,,,1,,,0,27,Narcissus_poeticus
AMARYLLIDACEAE,Narcissus,poeticus,21,3,17.28,,,0,,1,0,27,Narcissus_poeticus
AMARYLLIDACEAE,Narcissus,pseudonarcissus,14,2,11.75,,,1,,1,1,28,Narcissus_pseudonarcissus
AMARYLLIDACEAE,Narcissus,pseudonarcissus,42,6,33.85,,,0,,1,0,28,Narcissus_pseudonarcissus
AMARYLLIDACEAE,Nerine,ridleyi,22,2,13.1,,,1,,1,1,29,Nerine_ridleyi
AMARYLLIDACEAE,Nerine,ridleyi,33,3,19.75,,,0,,1,0,29,Nerine_ridleyi
AMARYLLIDACEAE,Nerine,sarniensis,22,2,12.95,,,1,,1,1,30,Nerine_sarniensis
AMARYLLIDACEAE,Nerine,sarniensis,33,3,19.85,,,0,,1,0,30,Nerine_sarniensis
AMARYLLIDACEAE,Tulbaghia,violacea,12,2,19.83,,,1,,1,1,31,Tulbaghia_violacea
AMARYLLIDACEAE,Tulbaghia,violacea,24,4,42.5,,,0,,1,0,31,Tulbaghia_violacea
APIACEAE,Pimpinella,saxifraga,20,2,3.82,,1,1,,1,1,32,Pimpinella_saxifraga
APIACEAE,Pimpinella,saxifraga,36,4,5.13,,1,0,,1,0,32,Pimpinella_saxifraga
ARACEAE,Anthurium,scandens,,,2.56,,,1,,,0,33,Anthurium_scandens
ARACEAE,Anthurium,scandens,,,4.82,,,0,,,0,33,Anthurium_scandens
ARACEAE,Caladium,bicolor,32,,5.52,,1,1,,,0,34,Caladium_bicolor
ARACEAE,Caladium,bicolor,66,,10.13,,1,0,,,0,34,Caladium_bicolor
ARACEAE,Lemna,minor,40,4,0.6,,1,1,,1,1,35,Lemna_minor
ARACEAE,Lemna,minor,126,6,1.46,,1,0,,1,0,35,Lemna_minor
ARACEAE,Spathiphyllum,,,,7.05,,,1,,,0,36,Spathiphyllum_
ARACEAE,Spathiphyllum,,,,10.05,,,0,,,0,36,Spathiphyllum_
ASPARAGACEAE,Agave,americana,60,2,3.05,,,1,,1,1,37,Agave_americana
ASPARAGACEAE,Agave,americana,120,4,6.58,,,0,,1,0,37,Agave_americana
ASPARAGACEAE,Agave,angustifolia,120,4,7.45,,,1,,1,1,38,Agave_angustifolia
ASPARAGACEAE,Agave,angustifolia,180,6,11.26,,,0,,1,0,38,Agave_angustifolia
ASPARAGACEAE,Agave,fourcroydes,60,2,2.98,,,1,,1,1,39,Agave_fourcroydes
ASPARAGACEAE,Agave,fourcroydes,90,3,5.64,,,0,,1,0,39,Agave_fourcroydes
ASPARAGACEAE,Agave,fourcroydes,150,5,9.37,,,0,,1,0,39,Agave_fourcroydes
ASPARAGACEAE,Agave,gigantensis,,2,4.1,,,1,,,0,40,Agave_gigantensis
ASPARAGACEAE,Agave,gigantensis,,4,7.95,,,0,,,0,40,Agave_gigantensis
ASPARAGACEAE,Agave,parryi,60,2,4.4,,,1,,1,1,41,Agave_parryi
ASPARAGACEAE,Agave,parryi,,4,8.15,,,0,,,0,41,Agave_parryi
ASPARAGACEAE,Agave,parryi,,6,12,,,0,,,0,41,Agave_parryi
ASPARAGACEAE,Agave,tequilana,60,2,3.75,,,1,,1,1,42,Agave_tequilana
ASPARAGACEAE,Agave,tequilana,90,3,4.4,,,0,,1,0,42,Agave_tequilana
ASPARAGACEAE,Agave,victoriae-reginae,60,2,4,,,1,,1,1,43,Agave_victoriae-reginae
ASPARAGACEAE,Agave,victoriae-reginae,,6,12,,,0,,,0,43,Agave_victoriae-reginae
ASPARAGACEAE,Anthericum,suffruticosum,16,2,6.85,,,1,,1,1,44,Anthericum_suffruticosum
ASPARAGACEAE,Anthericum,suffruticosum,32,4,12.83,,,0,,1,0,44,Anthericum_suffruticosum
ASPARAGACEAE,Hosta,clausa,60,2,9.6,,,1,,1,1,45,Hosta_clausa
ASPARAGACEAE,Hosta,clausa,90,3,14.25,,,0,,1,0,45,Hosta_clausa
ASPARAGACEAE,Hyacinthus,orientalis,16,2,21.33,,,1,,1,1,46,Hyacinthus_orientalis
ASPARAGACEAE,Hyacinthus,orientalis,24,3,32.38,,,0,,1,0,46,Hyacinthus_orientalis
ASPARAGACEAE,Hyacinthus,orientalis,32,4,46.6,,,0,,1,0,46,Hyacinthus_orientalis
ASPARAGACEAE,Scilla,autumnalis,14,2,4.48,,,1,,1,1,47,Scilla_autumnalis
ASPARAGACEAE,Scilla,autumnalis,28,4,12.75,,,0,,1,0,47,Scilla_autumnalis
ASPARAGACEAE,Scilla,peruviana,16,2,18.05,,,1,,1,1,48,Scilla_peruviana
ASPARAGACEAE,Scilla,peruviana,,,27.25,,,0,,,0,48,Scilla_peruviana
ASPARAGACEAE,Sowerbaea,alliacea,8,2,12.73,,,1,,1,1,49,Sowerbaea_alliacea
ASPARAGACEAE,Sowerbaea,alliacea,16,4,25.3,,,0,,1,0,49,Sowerbaea_alliacea
ASPARAGACEAE,Sowerbaea,juncea,16,4,9.35,,,1,,1,1,50,Sowerbaea_juncea
ASPARAGACEAE,Sowerbaea,juncea,32,8,24.5,,,0,,1,0,50,Sowerbaea_juncea
ASPARAGACEAE,Triteleia,laxa,,4,10.65,,,1,,,0,51,Triteleia_laxa
ASPARAGACEAE,Triteleia,laxa,,,11.7,,,0,,,0,51,Triteleia_laxa
ASTERACEAE,Achillea,crithmifolia,18,2,2.45,,,1,,1,1,52,Achillea_crithmifolia
ASTERACEAE,Achillea,crithmifolia,36,4,5.25,,,0,,1,0,52,Achillea_crithmifolia
ASTERACEAE,Artemisia,abrotanum,18,2,2.89,,,1,,1,1,53,Artemisia_abrotanum
ASTERACEAE,Artemisia,abrotanum,36,4,5.71,,,0,,1,0,53,Artemisia_abrotanum
ASTERACEAE,Artemisia,campestris,18,2,2.94,,,1,,1,1,54,Artemisia_campestris
ASTERACEAE,Artemisia,campestris,36,4,5.5,,,0,,1,0,54,Artemisia_campestris
ASTERACEAE,Artemisia,cana,18,2,4.27,,,1,,1,1,55,Artemisia_cana
ASTERACEAE,Artemisia,cana,72,8,12.83,,,0,,1,0,55,Artemisia_cana
ASTERACEAE,Artemisia,dracunculus,18,2,2.97,,,1,,1,1,56,Artemisia_dracunculus
ASTERACEAE,Artemisia,dracunculus,36,4,5.91,,,0,,1,0,56,Artemisia_dracunculus
ASTERACEAE,Artemisia,dracunculus,54,6,7.86,,,0,,1,0,56,Artemisia_dracunculus
ASTERACEAE,Artemisia,dracunculus,90,10,12.29,,,0,,1,0,56,Artemisia_dracunculus
ASTERACEAE,Artemisia,herba-alba,18,2,3.29,,,1,,1,1,57,Artemisia_herba-alba
ASTERACEAE,Artemisia,herba-alba,36,4,6.24,,,0,,1,0,57,Artemisia_herba-alba
ASTERACEAE,Artemisia,vulgaris,16,2,3.25,,1,1,,1,1,58,Artemisia_vulgaris
ASTERACEAE,Artemisia,vulgaris,36,4,6.08,,1,0,,1,0,58,Artemisia_vulgaris
ASTERACEAE,Centaurea,alba,18,2,0.84,,,1,,1,1,59,Centaurea_alba
ASTERACEAE,Centaurea,alba,36,4,1.79,,,0,,1,0,59,Centaurea_alba
ASTERACEAE,Centaurea,cuneifolia,18,2,0.89,,,1,,1,1,60,Centaurea_cuneifolia
ASTERACEAE,Centaurea,cuneifolia,36,4,1.62,,,0,,1,0,60,Centaurea_cuneifolia
ASTERACEAE,Centaurea,stenolepis,22,2,1.08,,,1,,1,1,61,Centaurea_stenolepis
ASTERACEAE,Centaurea,stenolepis,44,4,2.06,,,0,,1,0,61,Centaurea_stenolepis
ASTERACEAE,Centaurea,stoebe,18,2,0.88,,,1,,1,1,62,Centaurea_stoebe
ASTERACEAE,Centaurea,stoebe,36,4,1.57,,,0,,1,0,62,Centaurea_stoebe
ASTERACEAE,Chrysanthemum,morifolium,36,4,6.33,,,1,,1,1,63,Chrysanthemum_morifolium
ASTERACEAE,Chrysanthemum,morifolium,45,5,6.73,,,0,,1,0,63,Chrysanthemum_morifolium
ASTERACEAE,Chrysanthemum,morifolium,54,6,9.58,,,0,,1,0,63,Chrysanthemum_morifolium
ASTERACEAE,Chrysanthemum,morifolium,72,8,12.68,,,0,,1,0,63,Chrysanthemum_morifolium
ASTERACEAE,Cirsium,rivulare,34,2,1.2,,,1,,1,1,64,Cirsium_rivulare
ASTERACEAE,Cirsium,rivulare,,3,1.72,,,0,,,0,64,Cirsium_rivulare
ASTERACEAE,Colymbada,orientalis,20,2,1.65,,,1,,1,1,65,Colymbada_orientalis
ASTERACEAE,Colymbada,orientalis,40,4,3.46,,,0,,1,0,65,Colymbada_orientalis
ASTERACEAE,Dahlia,coccinea,32,4,2.17,,,1,,1,1,66,Dahlia_coccinea
ASTERACEAE,Dahlia,coccinea,64,8,4.04,,,0,,1,0,66,Dahlia_coccinea
ASTERACEAE,Hieracium,alpinum,18,2,3.95,,,1,,1,1,67,Hieracium_alpinum
ASTERACEAE,Hieracium,alpinum,27,3,5.94,,,0,,1,0,67,Hieracium_alpinum
ASTERACEAE,Hieracium,amplexicaule,27,3,5.4,,,1,,1,1,68,Hieracium_amplexicaule
ASTERACEAE,Hieracium,amplexicaule,36,4,7.33,,,0,,1,0,68,Hieracium_amplexicaule
ASTERACEAE,Hieracium,aurantiacum,36,4,3.53,,,1,,1,1,69,Hieracium_aurantiacum
ASTERACEAE,Hieracium,aurantiacum,45,5,4.76,,,0,,1,0,69,Hieracium_aurantiacum
ASTERACEAE,Hieracium,bauhinii,36,4,4.14,,,1,,1,1,70,Hieracium_bauhinii
ASTERACEAE,Hieracium,bauhini,45,5,4.48,,,0,,1,0,70,Hieracium_bauhini
ASTERACEAE,Hieracium,bauhinii,54,6,5.7,,,0,,1,0,70,Hieracium_bauhinii
ASTERACEAE,Hieracium,bauhinii,63,7,6.93,,,0,,1,0,70,Hieracium_bauhinii
ASTERACEAE,Hieracium,brachiatum,45,5,4.63,,,1,,1,1,71,Hieracium_brachiatum
ASTERACEAE,Hieracium,brachiatum,54,6,5.15,,,0,,1,0,71,Hieracium_brachiatum
ASTERACEAE,Hieracium,brachiatum,63,7,6.6,,,0,,1,0,71,Hieracium_brachiatum
ASTERACEAE,Hieracium,brachiatum,72,8,7.65,,,0,,1,0,71,Hieracium_brachiatum
ASTERACEAE,Hieracium,caespitosum,36,4,4.11,,,1,,1,0,72,Hieracium_caespitosum
ASTERACEAE,Hieracium,caespitosum,45,5,4.53,,,0,,1,0,72,Hieracium_caespitosum
ASTERACEAE,Hieracium,cymosum,18,2,2.08,,,1,,1,0,73,Hieracium_cymosum
ASTERACEAE,Hieracium,cymosum,36,4,3.96,,,0,,1,0,73,Hieracium_cymosum
ASTERACEAE,Hieracium,cymosum,45,5,5.03,,,0,,1,0,73,Hieracium_cymosum
ASTERACEAE,Hieracium,echioides,18,2,2.16,,,1,,1,0,74,Hieracium_echioides
ASTERACEAE,Hieracium,echioides,27,3,3.24,,,0,,1,0,74,Hieracium_echioides
ASTERACEAE,Hieracium,echioides,36,4,4.28,,,0,,1,0,74,Hieracium_echioides
ASTERACEAE,Hieracium,echioides,45,5,5.28,,,0,,1,0,74,Hieracium_echioides
ASTERACEAE,Hieracium,floribundum,36,4,4.1,,,1,,1,0,75,Hieracium_floribundum
ASTERACEAE,Hieracium,floribundum,,5,5.2,,,0,,,0,75,Hieracium_floribundum
ASTERACEAE,Hieracium,glomeratum,36,4,4.13,,,1,,1,0,76,Hieracium_glomeratum
ASTERACEAE,Hieracium,glomeratum,45,5,5.1,,,0,,1,0,76,Hieracium_glomeratum
ASTERACEAE,Hieracium,humile,27,3,5.32,,,1,,1,1,77,Hieracium_humile
ASTERACEAE,Hieracium,humile,36,4,7.13,,,0,,1,0,77,Hieracium_humile
ASTERACEAE,Hieracium,lawsonii,27,3,5.38,,,1,,1,1,78,Hieracium_lawsonii
ASTERACEAE,Hieracium,lawsonii,36,4,7.36,,,0,,1,0,78,Hieracium_lawsonii
ASTERACEAE,Hieracium,pannosum,27,3,5.86,,,1,,1,1,79,Hieracium_pannosum
ASTERACEAE,Hieracium,pannosum,36,4,8.34,,,0,,1,0,79,Hieracium_pannosum
ASTERACEAE,Hieracium,pilosella,18,2,3.89,,,1,,1,1,80,Hieracium_pilosella
ASTERACEAE,Hieracium,pilosella,36,4,3.45,,,0,,1,0,80,Hieracium_pilosella
ASTERACEAE,Hieracium,pilosella,45,5,4.31,,,0,,1,0,80,Hieracium_pilosella
ASTERACEAE,Hieracium,pilosella,54,6,5.22,,,0,,1,0,80,Hieracium_pilosella
ASTERACEAE,Hieracium,pilosella,63,7,6.06,,,0,,1,0,80,Hieracium_pilosella
ASTERACEAE,Hieracium,piloselliflorum,36,4,3.77,,,1,,1,1,81,Hieracium_piloselliflorum
ASTERACEAE,Hieracium,piloselliflorum,45,5,4.5,,,0,,1,0,81,Hieracium_piloselliflorum
ASTERACEAE,Hieracium,piloselliflorum,54,6,5.35,,,0,,1,0,81,Hieracium_piloselliflorum
ASTERACEAE,Hieracium,piloselloides,36,4,3.68,,,0,,1,0,82,Hieracium_piloselloides
ASTERACEAE,Hieracium,piloselloides,,,1.08,,,1,,,0,82,Hieracium_piloselloides
ASTERACEAE,Hieracium,prenanthoides,18,2,3.65,,,1,,1,1,83,Hieracium_prenanthoides
ASTERACEAE,Hieracium,prenanthoides,27,3,5.71,,,0,,1,0,83,Hieracium_prenanthoides
ASTERACEAE,Hieracium,schultesii,,3,2.77,,,0,,,0,84,Hieracium_schultesii
ASTERACEAE,Hieracium,schultesii,36,4,3.73,,,1,,1,1,84,Hieracium_schultesii
ASTERACEAE,Hieracium,schultesii,45,5,4.59,,,0,,1,0,84,Hieracium_schultesii
ASTERACEAE,Hieracium,tomentosum,18,2,3.74,,,1,,1,1,85,Hieracium_tomentosum
ASTERACEAE,Hieracium,tomentosum,27,3,5.64,,,0,,1,0,85,Hieracium_tomentosum
ASTERACEAE,Hieracium,villosum,27,3,5.8,,,1,,1,1,86,Hieracium_villosum
ASTERACEAE,Hieracium,villosum,36,4,7.86,,,0,,1,0,86,Hieracium_villosum
ASTERACEAE,Lasiocephalus,lingulatus,40,2,7.54,,,1,,1,1,87,Lasiocephalus_lingulatus
ASTERACEAE,Lasiocephalus,lingulatus,,3,11.35,,,0,,,0,87,Lasiocephalus_lingulatus
ASTERACEAE,Lasiocephalus,ovatus,40,2,7.5,,,1,,1,1,88,Lasiocephalus_ovatus
ASTERACEAE,Lasiocephalus,ovatus,,3,11.23,,,0,,,0,88,Lasiocephalus_ovatus
ASTERACEAE,Leucanthemum,pallens,36,4,11.73,,,1,,1,1,89,Leucanthemum_pallens
ASTERACEAE,Leucanthemum,pallens,54,6,13.68,,,0,,1,0,89,Leucanthemum_pallens
ASTERACEAE,Leucanthemum,vulgare,36,4,10.65,,,1,,1,1,90,Leucanthemum_vulgare
ASTERACEAE,Leucanthemum,vulgare,72,8,16.35,,,0,,1,0,90,Leucanthemum_vulgare
ASTERACEAE,Senecio,glossanthus,40,4,1.68,,,1,,1,1,91,Senecio_glossanthus
ASTERACEAE,Senecio,glossanthus,80,8,3.75,,,0,,1,0,91,Senecio_glossanthus
ASTERACEAE,Senecio,herreianus,,,4.6,,,1,,,0,92,Senecio_herreianus
ASTERACEAE,Senecio,herreianus,,,8.05,,,0,,,0,92,Senecio_herreianus
ASTERACEAE,Senecio,inaequidens (s.l.),20,2,0.58,,,1,,1,1,93,Senecio_inaequidens
ASTERACEAE,Senecio,inaequidens (s.l.),40,4,1.08,,,0,,1,0,93,Senecio_inaequidens
ASTERACEAE,Senecio,mweroensis,,,9.95,,,1,,,0,94,Senecio_mweroensis
ASTERACEAE,Senecio,mweroensis,,,19.7,,,0,,,0,94,Senecio_mweroensis
ASTERACEAE,Senecio,nyikensis,,,3.7,,,1,,,0,95,Senecio_nyikensis
ASTERACEAE,Senecio,nyikensis,,,19.3,,,0,,,0,95,Senecio_nyikensis
ASTERACEAE,Senecio,radicans,,,2.8,,,1,,,0,96,Senecio_radicans
ASTERACEAE,Senecio,radicans,,,5,,,0,,,0,96,Senecio_radicans
ASTERACEAE,Tripleurospermum,maritimum,18,2,2.63,,,1,,1,1,97,Tripleurospermum_maritimum
ASTERACEAE,Tripleurospermum,maritimum,36,4,4.61,,,0,,1,0,97,Tripleurospermum_maritimum
BETULACEAE,Alnus,glutinosa,28,2,0.55,,,1,,1,1,98,Alnus_glutinosa
BETULACEAE,Alnus,glutinosa,56,4,1.01,,,0,,1,0,98,Alnus_glutinosa
BETULACEAE,Betula,nana,28,2,0.46,,,1,1,1,1,,Betula_nana
BETULACEAE,Betula,nana x B. pubescens (triploid hybrid),42,3,0.68,,,1,1,1,1,,Betula_nana x B. pubescens (triploid hybrid)
BETULACEAE,Betula,pubescens,56,4,0.9,,,1,1,1,1,,Betula_pubescens
BRASSICACEAE,Arabidopsis,arenosa,16,2,0.2,,,1,,1,1,99,Arabidopsis_arenosa
BRASSICACEAE,Arabidopsis,arenosa,32,4,0.39,,,0,,1,0,99,Arabidopsis_arenosa
BRASSICACEAE,Arabidopsis,lyrata,16,2,0.25,,,1,,1,1,100,Arabidopsis_lyrata
BRASSICACEAE,Arabidopsis,lyrata,32,4,0.45,,,0,,1,0,100,Arabidopsis_lyrata
BRASSICACEAE,Arabidopsis,neglecta,16,2,0.2,,,1,,1,1,101,Arabidopsis_neglecta
BRASSICACEAE,Arabidopsis,neglecta,32,4,0.4,,,0,,1,0,101,Arabidopsis_neglecta
BRASSICACEAE,Arabidopsis,thaliana,10,2,0.16,,,1,,1,1,102,Arabidopsis_thaliana
BRASSICACEAE,Arabidopsis,thaliana,20,4,0.44,,,0,,1,0,102,Arabidopsis_thaliana
BRASSICACEAE,Cardamine,schinziana,48,6,0.68,,,1,,1,1,103,Cardamine_schinziana
BRASSICACEAE,Cardamine,schinziana,64,8,1,,,0,,1,0,103,Cardamine_schinziana
BRASSICACEAE,Cardamine,yezoensis,48,6,0.7,,,1,,1,1,104,Cardamine_yezoensis
BRASSICACEAE,Cardamine,yezoensis,64,8,0.87,,,0,,1,0,104,Cardamine_yezoensis
BRASSICACEAE,Cardamine,yezoensis,80,10,0.99,,,0,,1,0,104,Cardamine_yezoensis
BRASSICACEAE,Cardamine,yezoensis,88,11,1.12,,,0,,1,0,104,Cardamine_yezoensis
BRASSICACEAE,Cardamine,yezoensis,96,12,1.24,,,0,,1,0,104,Cardamine_yezoensis
BRASSICACEAE,Draba,lactea,32,4,0.58,,,1,,1,1,105,Draba_lactea
BRASSICACEAE,Draba,lactea,48,6,0.98,,,0,,1,0,105,Draba_lactea
BRASSICACEAE,Erysimum,bicolor,28,4,0.58,,,1,,1,1,106,Erysimum_bicolor
BRASSICACEAE,Erysimum,bicolor,42,6,0.76,,,0,,1,0,106,Erysimum_bicolor
BRASSICACEAE,Raphanus,sativus,18,2,0.55,,,1,,1,1,107,Raphanus_sativus
BRASSICACEAE,Raphanus,sativus,36,4,1.45,,,0,,1,0,107,Raphanus_sativus
BRASSICACEAE,Thlaspi,tymphaeum,14,2,0.32,,,1,,1,1,108,Thlaspi_tymphaeum
BRASSICACEAE,Thlaspi,tymphaeum,28,4,0.66,,,0,,1,0,108,Thlaspi_tymphaeum
CACTACEAE,Consolea,millspaughii,66,6,2.46,,,1,,1,1,109,Consolea_millspaughii
CACTACEAE,Consolea,millspaughii,,8,3.84,,,0,,,0,109,Consolea_millspaughii
CAMPANULACEAE,Campanula,rotundifolia,34,2,1.1,,,1,,1,1,110,Campanula_rotundifolia
CAMPANULACEAE,Campanula,rotundifolia,68,4,2.65,,,0,,1,0,110,Campanula_rotundifolia
CAMPANULACEAE,Pratia,angulata,70,10,5.05,,,1,,1,1,111,Pratia_angulata
CAMPANULACEAE,Pratia,angulata,140,20,9.6,,,0,,1,0,111,Pratia_angulata
CAPRIFOLIACEAE,Knautia,arvensis,20,2,3.69,,,1,,1,1,112,Knautia_arvensis
CAPRIFOLIACEAE,Knautia,arvensis,40,4,7.01,,,0,,1,0,112,Knautia_arvensis
CAPRIFOLIACEAE,Knautia,drymeia,20,2,3.73,,,1,,1,1,113,Knautia_drymeia
CAPRIFOLIACEAE,Knautia,drymeia,40,4,7.03,,,0,,1,0,113,Knautia_drymeia
CAPRIFOLIACEAE,Patrinia,scabiosifolia,,4,1.29,,,0,,,0,114,Patrinia_scabiosifolia
CAPRIFOLIACEAE,Patrinia,scabiosifolia,,,0.75,,,1,,,0,114,Patrinia_scabiosifolia
CAPRIFOLIACEAE,Valeriana,officinalis,14,2,1.49,,,1,,1,1,115,Valeriana_officinalis
CAPRIFOLIACEAE,Valeriana,officinalis,,8,4.08,,,0,,,0,115,Valeriana_officinalis
CARYOPHYLLACEAE,Cerastium,arvense,36,2,0.68,,,1,,1,1,116,Cerastium_arvense
CARYOPHYLLACEAE,Cerastium,arvense,72,4,1.3,,,0,,1,0,116,Cerastium_arvense
CARYOPHYLLACEAE,Petrorhagia,saxifraga,30,2,0.65,,,1,,1,1,117,Petrorhagia_saxifraga
CARYOPHYLLACEAE,Petrorhagia,saxifraga,60,,1.12,,,0,,,0,117,Petrorhagia_saxifraga
CISTACEAE,Xolantha,guttata,36,6,3.65,,,1,,1,1,118,Xolantha_guttata
CISTACEAE,Xolantha,guttata,48,8,4.5,,,0,,1,0,118,Xolantha_guttata
COMMELINACEAE,Commelina,africana,30,2,3.7,,,1,,1,1,119,Commelina_africana
COMMELINACEAE,Commelina,africana,60,4,5.73,,,0,,1,0,119,Commelina_africana
COMMELINACEAE,Commelina,africana,90,6,9.18,,,0,,1,0,119,Commelina_africana
COMMELINACEAE,Commelina,diffusa,30,2,3.35,,,1,,1,1,120,Commelina_diffusa
COMMELINACEAE,Commelina,diffusa,90,6,8.45,,,0,,1,0,120,Commelina_diffusa
COMMELINACEAE,Commelina,obliqua,90,6,8.23,,1,0,,1,0,121,Commelina_obliqua
COMMELINACEAE,Commelina,obliqua,56,,4.05,,1,1,,,0,121,Commelina_obliqua
COMMELINACEAE,Gibasis,consobrina,10,2,11,,,1,,1,1,122,Gibasis_consobrina
COMMELINACEAE,Gibasis,consobrina,20,4,20.33,,,0,,1,0,122,Gibasis_consobrina
COMMELINACEAE,Gibasis,karwinskyana,10,2,8.85,,,1,,1,1,123,Gibasis_karwinskyana
COMMELINACEAE,Gibasis,karwinskyana,20,4,17.03,,,0,,1,0,123,Gibasis_karwinskyana
COMMELINACEAE,Gibasis,linearis,12,2,10.2,,,1,,1,1,124,Gibasis_linearis
COMMELINACEAE,Gibasis,linearis,18,3,15.83,,,0,,1,0,124,Gibasis_linearis
COMMELINACEAE,Gibasis,rhodantha,12,2,11.4,,1,1,,1,1,125,Gibasis_rhodantha
COMMELINACEAE,Gibasis,rhodantha,20,4,19.08,,1,0,,1,0,125,Gibasis_rhodantha
COMMELINACEAE,Gibasis,schiedeana,10,2,8.9,,1,1,,1,1,126,Gibasis_schiedeana
COMMELINACEAE,Gibasis,schiedeana,16,4,16.13,,1,0,,1,0,126,Gibasis_schiedeana
COMMELINACEAE,Gibasis,speciosa,10,2,10.48,,1,1,,1,1,127,Gibasis_speciosa
COMMELINACEAE,Gibasis,speciosa,22,4,20.48,,1,0,,1,0,127,Gibasis_speciosa
COMMELINACEAE,Tradescantia,blossfeldiana,72,12,8,0,1,1,,1,1,128,Tradescantia_blossfeldiana
COMMELINACEAE,Tradescantia,blossfeldiana,92,,9.78,0,1,0,,,0,128,Tradescantia_blossfeldiana
COMMELINACEAE,Tradescantia,brevifolia,12,2,12.5,,,1,,1,1,129,Tradescantia_brevifolia
COMMELINACEAE,Tradescantia,brevifolia,24,4,20.9,,,0,,1,0,129,Tradescantia_brevifolia
COMMELINACEAE,Tradescantia,commelinoides,14,4,10.25,,1,1,,1,1,130,Tradescantia_commelinoides
COMMELINACEAE,Tradescantia,commelinoides,22,6,13.7,,1,0,,1,0,130,Tradescantia_commelinoides
COMMELINACEAE,Tradescantia,crassifolia,12,2,10.75,,,1,,1,1,131,Tradescantia_crassifolia
COMMELINACEAE,Tradescantia,crassifolia,24,4,24.9,,,0,,1,0,131,Tradescantia_crassifolia
COMMELINACEAE,Tradescantia,crassifolia,36,6,30.7,,,0,,1,0,131,Tradescantia_crassifolia
COMMELINACEAE,Tradescantia,fluminensis,60,10,5.48,0,1,1,,1,1,132,Tradescantia_fluminensis
COMMELINACEAE,Tradescantia,fluminensis,72,12,7.18,0,1,0,,1,0,132,Tradescantia_fluminensis
COMMELINACEAE,Tradescantia,fluminensis,40,,4.05,0,1,0,,,0,132,Tradescantia_fluminensis
COMMELINACEAE,Tradescantia,fluminensis,132,,12.93,0,1,0,,,0,132,Tradescantia_fluminensis
COMMELINACEAE,Tradescantia,pallida,12,2,12.58,,,1,,1,1,133,Tradescantia_pallida
COMMELINACEAE,Tradescantia,pallida,24,4,26.25,,,0,,1,0,133,Tradescantia_pallida
COMMELINACEAE,Tradescantia,potosina,12,2,12.58,,,1,,1,1,134,Tradescantia_potosina
COMMELINACEAE,Tradescantia,potosina,24,4,26.1,,,0,,1,0,134,Tradescantia_potosina
COMMELINACEAE,Tradescantia,potosina,36,6,30.33,,,0,,1,0,134,Tradescantia_potosina
COMMELINACEAE,Tradescantia,rozynskii,12,2,8.03,,,1,,1,1,135,Tradescantia_rozynskii
COMMELINACEAE,Tradescantia,rozynskii,24,4,16.25,,,0,,1,0,135,Tradescantia_rozynskii
COMMELINACEAE,Tradescantia,tepoxtlana,12,2,11.45,,,1,,1,1,136,Tradescantia_tepoxtlana
COMMELINACEAE,Tradescantia,tepoxtlana,24,4,22.7,,,0,,1,0,136,Tradescantia_tepoxtlana
CONVOLVULACEAE,Ipomoea,batatas,60,4,1.5,,,1,,1,1,137,Ipomoea_batatas
CONVOLVULACEAE,Ipomoea,batatas,90,6,2.25,,,0,,1,0,137,Ipomoea_batatas
CONVOLVULACEAE,Ipomoea,cordato-triloba,30,2,0.8,,,1,,1,1,138,Ipomoea_cordato-triloba
CONVOLVULACEAE,Ipomoea,cordato-triloba,60,4,1.65,,,0,,1,0,138,Ipomoea_cordato-triloba
CRASSULACEAE,Sedum,obtusifolium,12,2,0.21,,,1,,1,1,139,Sedum_obtusifolium
CRASSULACEAE,Sedum,obtusifolium,30,5,0.85,,,0,,1,0,139,Sedum_obtusifolium
CRASSULACEAE,Sedum,spurium,28,4,1.77,,,1,,1,1,140,Sedum_spurium
CRASSULACEAE,Sedum,spurium,42,6,2.82,,,0,,1,0,140,Sedum_spurium
CUCURBITACEAE,Cucumis,zeyheri,24,2,0.85,,,1,,1,1,141,Cucumis_zeyheri
CUCURBITACEAE,Cucumis,zeyheri,48,4,1.43,,,0,,1,0,141,Cucumis_zeyheri
DIOSCOREACEAE,Dioscorea,alata,40,4,0.58,,,1,,1,1,142,Dioscorea_alata
DIOSCOREACEAE,Dioscorea,alata,80,8,1.06,,,0,,1,0,142,Dioscorea_alata
DIOSCOREACEAE,Dioscorea,cayenensis,60,6,0.77,,,1,1,1,1,,Dioscorea_cayenensis
DIOSCOREACEAE,Dioscorea,cayenensis,80,8,1.29,,,0,1,1,0,,Dioscorea_cayenensis
DIOSCOREACEAE,Dioscorea,cayenensis-rotundata,40,4,0.63,,,1,1,1,1,,Dioscorea_cayenensis-rotundata
DIOSCOREACEAE,Dioscorea,cayenensis-rotundata,60,6,0.88,,,0,1,1,0,,Dioscorea_cayenensis-rotundata
DIOSCOREACEAE,Dioscorea,cayenensis-rotundata,80,8,1.3,,,0,1,1,0,,Dioscorea_cayenensis-rotundata
DIOSCOREACEAE,Dioscorea,rotundata,40,4,0.71,,,1,1,1,1,,Dioscorea_rotundata
EUPHORBIACEAE,Mercurialis,annua,16,2,0.66,,1,1,,1,1,143,Mercurialis_annua
EUPHORBIACEAE,Mercurialis,annua,32,4,1.3,,1,0,,1,0,143,Mercurialis_annua
EUPHORBIACEAE,Mercurialis,annua,56,6,1.95,,1,0,,1,0,143,Mercurialis_annua
FABACEAE,Acacia,dealbata,26,2,0.87,,,1,,1,1,144,Acacia_dealbata
FABACEAE,Acacia,dealbata,39,3,1.27,,,0,,1,0,144,Acacia_dealbata
FABACEAE,Acacia,dealbata,52,4,1.71,,,0,,1,0,144,Acacia_dealbata
FABACEAE,Acacia,heterophylla,26,2,0.8,,,1,,1,1,145,Acacia_heterophylla
FABACEAE,Acacia,heterophylla,52,4,1.6,,,0,,1,0,145,Acacia_heterophylla
FABACEAE,Acacia,nilotica,26,2,1.2,,,1,,1,1,146,Acacia_nilotica
FABACEAE,Acacia,nilotica,52,4,0.55,,,0,,1,0,146,Acacia_nilotica
FABACEAE,Acacia,nilotica,104,8,1.1,,,0,,1,0,146,Acacia_nilotica
FABACEAE,Acacia,raddiana,78,6,0.95,,,1,,1,1,147,Acacia_raddiana
FABACEAE,Acacia,raddiana,104,8,1.9,,,0,,1,0,147,Acacia_raddiana
FABACEAE,Acacia,tortilis,26,2,0.7,,,1,,1,1,148,Acacia_tortilis
FABACEAE,Acacia,tortilis,52,4,0.53,,,0,,1,0,148,Acacia_tortilis
FABACEAE,Acacia,tortilis,78,6,2.05,,,0,,1,0,148,Acacia_tortilis
FABACEAE,Acacia,tortilis,104,8,1.1,,,0,,1,0,148,Acacia_tortilis
FABACEAE,Glycine,tabacina,40,2,1,,,1,,1,1,149,Glycine_tabacina
FABACEAE,Glycine,tabacina,80,4,2.03,,,0,,1,0,149,Glycine_tabacina
FABACEAE,Glycine,tomentella,40,2,1.13,,,1,,1,1,150,Glycine_tomentella
FABACEAE,Glycine,tomentella,80,4,2.13,,,0,,1,0,150,Glycine_tomentella
FABACEAE,Lathyrus,pratensis,28,4,5.95,,,1,,1,1,151,Lathyrus_pratensis
FABACEAE,Lathyrus,pratensis,14,,4.54,,,0,,,0,151,Lathyrus_pratensis
FABACEAE,Leucaena,diversifolia,56,2,0.75,,,1,,1,1,152,Leucaena_diversifolia
FABACEAE,Leucaena,diversifolia,104,4,1.36,,,0,,1,0,152,Leucaena_diversifolia
FABACEAE,Leucaena,esculenta,56,2,0.65,,1,1,,1,1,153,Leucaena_esculenta
FABACEAE,Leucaena,esculenta,112,4,1.28,,1,0,,1,0,153,Leucaena_esculenta
FABACEAE,Lotus,corniculatus,12,2,0.48,,,1,,1,1,154,Lotus_corniculatus
FABACEAE,Lotus,corniculatus,24,4,1.05,,,0,,1,0,154,Lotus_corniculatus
FABACEAE,Lotus,glaucus,14,2,0.62,,,1,,1,1,155,Lotus_glaucus
FABACEAE,Lotus,glaucus,28,4,1.24,,,0,,1,0,155,Lotus_glaucus
FABACEAE,Medicago,sativa,16,2,0.86,,,1,,1,1,156,Medicago_sativa
FABACEAE,Medicago,sativa,32,4,1.75,,,0,,1,0,156,Medicago_sativa
FABACEAE,Prosopis,chilensis,28,2,0.43,,,1,,1,1,157,Prosopis_chilensis
FABACEAE,Prosopis,chilensis,56,4,0.85,,,0,,1,0,157,Prosopis_chilensis
FABACEAE,Prosopis,juliflora,28,2,0.43,,,1,,1,1,158,Prosopis_juliflora
FABACEAE,Prosopis,juliflora,52,4,1.7,,,0,,1,0,158,Prosopis_juliflora
FABACEAE,Retama,raetam,48,2,0.95,,,1,,1,1,159,Retama_raetam
FABACEAE,Retama,raetam,96,4,1.84,,,0,,1,0,159,Retama_raetam
FABACEAE,Tephrosia,purpurea,22,2,1.45,,,1,,1,1,160,Tephrosia_purpurea
FABACEAE,Tephrosia,purpurea,44,4,3.05,,,0,,1,0,160,Tephrosia_purpurea
FABACEAE,Vicia,amoena,12,2,6.38,,,1,,1,1,161,Vicia_amoena
FABACEAE,Vicia,amoena,24,4,8.6,,,0,,1,0,161,Vicia_amoena
FABACEAE,Vicia,cracca,14,2,5.92,,,1,,1,1,162,Vicia_cracca
FABACEAE,Vicia,cracca,28,4,5.3,,,0,,1,0,162,Vicia_cracca
FABACEAE,Vicia,faba,12,2,13.33,,,1,,1,1,163,Vicia_faba
FABACEAE,Vicia,faba,24,4,27.4,,,0,,1,0,163,Vicia_faba
FABACEAE,Vicia,ramuliflora,12,2,4.68,,,1,,1,1,164,Vicia_ramuliflora
FABACEAE,Vicia,ramuliflora,24,4,12.75,,,0,,1,0,164,Vicia_ramuliflora
FABACEAE,Vicia,unijuga,12,2,4.83,,,1,,1,1,165,Vicia_unijuga
FABACEAE,Vicia,unijuga,24,4,16.23,,,0,,1,0,165,Vicia_unijuga
GESNERIACEAE,Ramonda,serbica,144,6,3.77,,,1,,1,1,166,Ramonda_serbica
GESNERIACEAE,Ramonda,serbica,192,8,3.9,,,0,,1,0,166,Ramonda_serbica
GESNERIACEAE,Ramonda,serbica,,10,4.32,,,0,,,0,166,Ramonda_serbica
HYDRANGEACEAE,Hydrangea,macrophylla,36,2,1.93,1,,1,,1,0,167,Hydrangea_macrophylla
HYDRANGEACEAE,Hydrangea,macrophylla,36,2,2.28,1,,0,,1,0,,Hydrangea_macrophylla
HYDRANGEACEAE,Hydrangea,macrophylla,54,3,3.33,,,0,,1,0,167,Hydrangea_macrophylla
IRIDACEAE,Iris,albomarginata,26,,10.18,,1,1,,,0,168,Iris_albomarginata
IRIDACEAE,Iris,albomarginata,50,,18.83,,1,0,,,0,168,Iris_albomarginata
IRIDACEAE,Iris,tubergeniana,20,,9.39,,,1,,,0,169,Iris_tubergeniana
IRIDACEAE,Iris,tubergeniana,30,,11.03,,,0,,,0,169,Iris_tubergeniana
IRIDACEAE,Sisyrinchium,bermudiana,32,4,1.23,,,1,,1,1,170,Sisyrinchium_bermudiana
IRIDACEAE,Sisyrinchium,bermudiana,64,8,1.98,,,0,,1,0,170,Sisyrinchium_bermudiana
IRIDACEAE,Sisyrinchium,bermudiana,96,12,2.9,,,0,,1,0,170,Sisyrinchium_bermudiana
IRIDACEAE,Sisyrinchium,convolutum,36,4,0.95,,,1,,1,1,171,Sisyrinchium_convolutum
IRIDACEAE,Sisyrinchium,convolutum,72,8,2.1,,,0,,1,0,171,Sisyrinchium_convolutum
JUNCACEAE,Juncus,biglumis,60,,0.57,,,1,,,0,172,Juncus_biglumis
JUNCACEAE,Juncus,biglumis,120,,0.61,,,0,,,0,172,Juncus_biglumis
JUNCACEAE,Luzula,multiflora,24,4,0.94,,,1,,1,1,173,Luzula_multiflora
JUNCACEAE,Luzula,multiflora,36,6,1.37,,,0,,1,0,173,Luzula_multiflora
LAMIACEAE,Thymus,da¥nensis,30,2,0.55,,,1,,1,1,174,Thymus_da¥nensis
LAMIACEAE,Thymus,da¥nensis,60,4,1.21,,,0,,1,0,174,Thymus_da¥nensis
LILIACEAE,Amana,edulis,24,2,21.48,,,1,,1,1,175,Amana_edulis
LILIACEAE,Amana,edulis,,4,57.35,,,0,,,0,175,Amana_edulis
LILIACEAE,Fritillaria,assyriaca,,2,53.4,,,1,,,0,176,Fritillaria_assyriaca
LILIACEAE,Fritillaria,assyriaca,,3,77.55,,,0,,,0,176,Fritillaria_assyriaca
LILIACEAE,Tulipa,armena,,2,25.9,,,1,,,0,177,Tulipa_armena
LILIACEAE,Tulipa,armena,,3,37.75,,,0,,,0,177,Tulipa_armena
LILIACEAE,Tulipa,berkariensis,,2,25.4,,,1,,,0,178,Tulipa_berkariensis
LILIACEAE,Tulipa,berkariensis,,3,37.95,,,0,,,0,178,Tulipa_berkariensis
LILIACEAE,Tulipa,biflora,24,2,21.5,,,1,,1,1,179,Tulipa_biflora
LILIACEAE,Tulipa,biflora,,4,55,,,0,,,0,179,Tulipa_biflora
LILIACEAE,Tulipa,clusiana,,2,16.05,,,1,,,0,180,Tulipa_clusiana
LILIACEAE,Tulipa,clusiana,,4,32.9,,,0,,,0,180,Tulipa_clusiana
LILIACEAE,Tulipa,dasystemon,,2,25.75,,,1,,,0,181,Tulipa_dasystemon
LILIACEAE,Tulipa,dasystemon,,4,49.8,,,0,,,0,181,Tulipa_dasystemon
LILIACEAE,Tulipa,gesneriana,24,2,26.63,,,1,,1,1,182,Tulipa_gesneriana
LILIACEAE,Tulipa,gesneriana,36,3,40.5,,,0,,1,0,182,Tulipa_gesneriana
LILIACEAE,Tulipa,hoogiana,,2,24.4,,,1,,,0,183,Tulipa_hoogiana
LILIACEAE,Tulipa,hoogiana,,3,36.8,,,0,,,0,183,Tulipa_hoogiana
LILIACEAE,Tulipa,iliensis,,2,20.5,,,1,,,0,184,Tulipa_iliensis
LILIACEAE,Tulipa,iliensis,,3,31.05,,,0,,,0,184,Tulipa_iliensis
LILIACEAE,Tulipa,lanata,,2,26.25,,,1,,,0,185,Tulipa_lanata
LILIACEAE,Tulipa,lanata,,3,39.45,,,0,,,0,185,Tulipa_lanata
LILIACEAE,Tulipa,lehmanniana,,2,21.2,,,1,,,0,186,Tulipa_lehmanniana
LILIACEAE,Tulipa,lehmanniana,,3,33.8,,,0,,,0,186,Tulipa_lehmanniana
LILIACEAE,Tulipa,orithyioides,,2,29.15,,,1,,,0,187,Tulipa_orithyioides
LILIACEAE,Tulipa,orithyioides,,3,43.55,,,0,,,0,187,Tulipa_orithyioides
LILIACEAE,Tulipa,orphanidea,24,2,25.5,,,1,,1,1,188,Tulipa_orphanidea
LILIACEAE,Tulipa,orphanidea,,3,44.35,,,0,,,0,188,Tulipa_orphanidea
LILIACEAE,Tulipa,orphanidea,,4,57.95,,,0,,,0,188,Tulipa_orphanidea
LILIACEAE,Tulipa,polychroma,24,2,24.25,,,1,,1,1,189,Tulipa_polychroma
LILIACEAE,Tulipa,polychroma,,3,42.2,,,0,,,0,189,Tulipa_polychroma
LILIACEAE,Tulipa,praecox,,2,28.95,,,1,,,0,190,Tulipa_praecox
LILIACEAE,Tulipa,praecox,,3,44.15,,,0,,,0,190,Tulipa_praecox
LILIACEAE,Tulipa,sylvestris,,2,31,,,1,,,0,191,Tulipa_sylvestris
LILIACEAE,Tulipa,sylvestris,,3,45.2,,,0,,,0,191,Tulipa_sylvestris
LILIACEAE,Tulipa,sylvestris,,4,60.45,,,0,,,0,191,Tulipa_sylvestris
LILIACEAE,Tulipa,tetraphylla,,2,20.05,,,1,,,0,192,Tulipa_tetraphylla
LILIACEAE,Tulipa,tetraphylla,,4,39.95,,,0,,,0,192,Tulipa_tetraphylla
LILIACEAE,Tulipa,undulatifolia,,2,25.6,,,1,,,0,193,Tulipa_undulatifolia
LILIACEAE,Tulipa,undulatifolia,,3,38.4,,,0,,,0,193,Tulipa_undulatifolia
MALVACEAE,Gossypium,barbadense,26,2,2.51,,,1,,1,1,194,Gossypium_barbadense
MALVACEAE,Gossypium,barbadense,52,4,3,,,0,,1,0,194,Gossypium_barbadense
MONIMIACEAE,Mollinedia,sp.,40,,0.98,,,1,,,0,195,Mollinedia_sp.
MONIMIACEAE,Mollinedia,sp.,100,,1.1,,,0,,,0,195,Mollinedia_sp.
MORACEAE,Ficus,elastica,26,2,0.73,,,1,,1,1,196,Ficus_elastica
MORACEAE,Ficus,elastica,39,3,1.05,,,0,,1,0,196,Ficus_elastica
NYCTAGINACEAE,Bougainvillea,x glabra-peruviana,34,2,3.73,,,1,,1,1,197,Bougainvillea_x glabra-peruviana
NYCTAGINACEAE,Bougainvillea,x glabra-peruviana,68,4,7.53,,,0,,1,0,197,Bougainvillea_x glabra-peruviana
OROBANCHACEAE,Orobanche,gracilis,76,4,1.66,,,1,,1,1,198,Orobanche_gracilis
OROBANCHACEAE,Orobanche,gracilis,114,6,1.87,,,0,,1,0,198,Orobanche_gracilis
OROBANCHACEAE,Orobanche,transcaucasica,38,2,3.19,,,1,,1,1,199,Orobanche_transcaucasica
OROBANCHACEAE,Orobanche,transcaucasica,76,4,5.81,,,0,,1,0,199,Orobanche_transcaucasica
OXALIDACEAE,Oxalis,pes-caprae,28,4,0.69,,,1,,1,1,200,Oxalis_pes-caprae
OXALIDACEAE,Oxalis,pes-caprae,35,5,0.83,,,0,,1,0,200,Oxalis_pes-caprae
OXALIDACEAE,Oxalis,sellowii,36,6,3.85,,,1,,1,1,201,Oxalis_sellowii
OXALIDACEAE,Oxalis,sellowii,72,12,7.5,,,0,,1,0,201,Oxalis_sellowii
PAPAVERACEAE,Papaver,dubium,14,2,3.73,,,1,,1,1,202,Papaver_dubium
PAPAVERACEAE,Papaver,dubium,28,4,4.5,,,0,,1,0,202,Papaver_dubium
PAPAVERACEAE,Papaver,nudicaule,14,2,4.13,,,0,,1,0,203,Papaver_nudicaule
PAPAVERACEAE,Papaver,nudicaule,,,1.75,,,1,,,0,203,Papaver_nudicaule
PAPAVERACEAE,Papaver,setigerum,22,2,4,,,1,,1,1,204,Papaver_setigerum
PAPAVERACEAE,Papaver,setigerum,44,4,6.68,,,0,,1,0,204,Papaver_setigerum
PASSIFLORACEAE,Turnera,krapovickasii,10,2,0.92,,,1,,1,1,205,Turnera_krapovickasii
PASSIFLORACEAE,Turnera,krapovickasii,20,4,1.68,,,0,,1,0,205,Turnera_krapovickasii
PASSIFLORACEAE,Turnera,subulata,10,2,0.69,,,1,,1,1,206,Turnera_subulata
PASSIFLORACEAE,Turnera,subulata,20,4,1.34,,,0,,1,0,206,Turnera_subulata
PIPERACEAE,Piper,nigrum,52,4,1.03,,,1,,1,1,207,Piper_nigrum
PIPERACEAE,Piper,nigrum,104,8,2.4,,,0,,1,0,207,Piper_nigrum
PLANTAGINACEAE,Penstemon,attenuatus,32,4,1.18,,,1,,1,1,208,Penstemon_attenuatus
PLANTAGINACEAE,Penstemon,attenuatus,,6,1.94,,,0,,,0,208,Penstemon_attenuatus
PLANTAGINACEAE,Penstemon,caespitosus,,2,0.71,,,1,,,0,209,Penstemon_caespitosus
PLANTAGINACEAE,Penstemon,caespitosus,32,4,1.18,,,0,,1,0,209,Penstemon_caespitosus
PLANTAGINACEAE,Penstemon,humilis,16,2,0.61,,,1,,1,1,210,Penstemon_humilis
PLANTAGINACEAE,Penstemon,humilis,,4,1.24,,,0,,,0,210,Penstemon_humilis
PLANTAGINACEAE,Plantago,ovata,8,2,0.53,,,1,,1,1,211,Plantago_ovata
PLANTAGINACEAE,Plantago,ovata,16,4,0.8,,,0,,1,0,211,Plantago_ovata
POACEAE,Aegilops,crassa,28,4,10.48,,,1,,1,1,212,Aegilops_crassa
POACEAE,Aegilops,crassa,42,6,15.7,,,0,,1,0,212,Aegilops_crassa
POACEAE,Aegilops,triaristata,28,4,15.5,,,1,,1,1,213,Aegilops_triaristata
POACEAE,Aegilops,triaristata,42,6,21.63,,,0,,1,0,213,Aegilops_triaristata
POACEAE,Agrostis,capillaris,28,4,3.53,,,1,,1,1,214,Agrostis_capillaris
POACEAE,Agrostis,capillaris,42,6,4.65,,,0,,1,0,214,Agrostis_capillaris
POACEAE,Andropogon,gerardii,60,6,3.55,,,1,,1,1,215,Andropogon_gerardii
POACEAE,Andropogon,gerardii,70,7,4.33,,,0,,1,0,215,Andropogon_gerardii
POACEAE,Andropogon,gerardii,80,8,5.03,,,0,,1,0,215,Andropogon_gerardii
POACEAE,Andropogon,gerardii,90,9,5.18,,,0,,1,0,215,Andropogon_gerardii
POACEAE,Avena,abyssinica,14,2,4.8,,,1,,1,1,216,Avena_abyssinica
POACEAE,Avena,abyssinica,28,4,8.95,,,0,,1,0,216,Avena_abyssinica
POACEAE,Brachypodium,pinnatum,18,2,0.44,,1,1,,1,1,217,Brachypodium_pinnatum
POACEAE,Brachypodium,pinnatum,28,4,0.76,,1,0,,1,0,217,Brachypodium_pinnatum
POACEAE,Briza,media,14,2,5.2,,,1,,1,1,218,Briza_media
POACEAE,Briza,media,28,4,7.55,,,0,,1,0,218,Briza_media
POACEAE,Bromus,erectus,14,2,3.1,,,1,,1,1,219,Bromus_erectus
POACEAE,Bromus,erectus,56,8,11.65,,,0,,1,0,219,Bromus_erectus
POACEAE,Bromus,marginatus,42,6,5.38,,,1,,1,1,220,Bromus_marginatus
POACEAE,Bromus,marginatus,56,8,11.33,,,0,,1,0,220,Bromus_marginatus
POACEAE,Dactylis,glomerata,14,2,3.3,,,1,,1,1,221,Dactylis_glomerata
POACEAE,Dactylis,glomerata,28,4,4.4,,,0,,1,0,221,Dactylis_glomerata
POACEAE,Dactylis,glomerata,42,6,4.4,,,0,,1,0,221,Dactylis_glomerata
POACEAE,Deschampsia,caespitosa,26,2,5.22,,,1,,1,1,222,Deschampsia_caespitosa
POACEAE,Deschampsia,caespitosa,52,4,9,,,0,,1,0,222,Deschampsia_caespitosa
POACEAE,Deyeuxia,aucklandica,42,6,5.55,,,1,,1,1,223,Deyeuxia_aucklandica
POACEAE,Deyeuxia,aucklandica,56,8,7.03,,,0,,1,0,223,Deyeuxia_aucklandica
POACEAE,Eleusine,floccifolia,18,2,1.63,,,1,,1,1,224,Eleusine_floccifolia
POACEAE,Eleusine,floccifolia,36,4,3.08,,,0,,1,0,224,Eleusine_floccifolia
POACEAE,Elytrigia,intermedia,42,6,13.52,,,1,,1,1,225,Elytrigia_intermedia
POACEAE,Elytrigia,intermedia,63,9,20.28,,,0,,1,0,225,Elytrigia_intermedia
POACEAE,Elytrigia,repens,42,6,11.64,,,1,,1,1,226,Elytrigia_repens
POACEAE,Elytrigia,repens,63,9,17.46,,,0,,1,0,226,Elytrigia_repens
POACEAE,Festuca,arundinacea,28,4,4.28,,,1,,1,1,227,Festuca_arundinacea
POACEAE,Festuca,arundinacea,42,6,8.49,,,0,,1,0,227,Festuca_arundinacea
POACEAE,Festuca,arundinacea,56,8,6.33,,,0,,1,0,227,Festuca_arundinacea
POACEAE,Festuca,arundinacea,70,10,7.58,,,0,,1,0,227,Festuca_arundinacea
POACEAE,Festuca,arvernensis,14,2,1.94,,,1,,1,1,228,Festuca_arvernensis
POACEAE,Festuca,arvernensis,28,4,4.55,,,0,,1,0,228,Festuca_arvernensis
POACEAE,Festuca,circummediterranea,14,2,2.72,,,1,,1,1,229,Festuca_circummediterranea
POACEAE,Festuca,circummediterranea,28,4,4.99,,,0,,1,0,229,Festuca_circummediterranea
POACEAE,Festuca,gigantea,42,6,10.38,,,0,,1,0,230,Festuca_gigantea
POACEAE,Festuca,gigantea,56,8,7.23,,,1,,1,1,230,Festuca_gigantea
POACEAE,Festuca,paniculata,14,2,3.82,,,1,,1,1,231,Festuca_paniculata
POACEAE,Festuca,paniculata,28,4,7.51,,,0,,1,0,231,Festuca_paniculata
POACEAE,Festuca,pratensis,14,2,2.23,,,1,,1,1,232,Festuca_pratensis
POACEAE,Festuca,pratensis,28,4,5.63,,,0,,1,0,232,Festuca_pratensis
POACEAE,Festuca,rubra,42,6,4.73,,,1,,1,1,233,Festuca_rubra
POACEAE,Festuca,rubra,56,8,8.49,,,0,,1,0,233,Festuca_rubra
POACEAE,Festuca,stricta,42,6,7.03,,,1,,1,1,234,Festuca_stricta
POACEAE,Festuca,stricta,56,8,9.24,,,0,,1,0,234,Festuca_stricta
POACEAE,Festuca,summilusitana,70,10,10.92,,,1,,1,1,235,Festuca_summilusitana
POACEAE,Festuca,summilusitana,84,12,12.84,,,0,,1,0,235,Festuca_summilusitana
POACEAE,Holcus,mollis,28,4,2.78,,,1,,1,1,236,Holcus_mollis
POACEAE,Holcus,mollis,35,5,4.1,,,0,,1,0,236,Holcus_mollis
POACEAE,Hordeum,brachyantherum,14,2,4.83,,,1,,1,1,237,Hordeum_brachyantherum
POACEAE,Hordeum,brachyantherum,28,4,9.29,,,0,,1,0,237,Hordeum_brachyantherum
POACEAE,Hordeum,brachyantherum,42,6,14.45,,,0,,1,0,237,Hordeum_brachyantherum
POACEAE,Hordeum,brevisubulatum,28,4,8.91,,,1,1,1,1,238,Hordeum_brevisubulatum
POACEAE,Hordeum,brevisubulatum,42,6,13.46,,,0,1,1,0,238,Hordeum_brevisubulatum
POACEAE,Hordeum,brevisubulatum-violaceum,14,2,4.98,,,1,1,1,0,,Hordeum_brevisubulatum-violaceum
POACEAE,Hordeum,bulbosum,14,2,5.5,,,1,,1,1,239,Hordeum_bulbosum
POACEAE,Hordeum,bulbosum,28,4,11.05,,,0,,1,0,239,Hordeum_bulbosum
POACEAE,Hordeum,geniculatum,14,2,5.4,,,1,,1,1,240,Hordeum_geniculatum
POACEAE,Hordeum,geniculatum,28,4,10.78,,,0,,1,0,240,Hordeum_geniculatum
POACEAE,Hordeum,glaucum,14,2,5.5,,,1,,1,1,241,Hordeum_glaucum
POACEAE,Hordeum,glaucum,28,4,10.65,,,0,,1,0,241,Hordeum_glaucum
POACEAE,Hordeum,leporinum,28,4,10.88,,,1,,1,1,242,Hordeum_leporinum
POACEAE,Hordeum,leporinum,42,6,16.4,,,0,,1,0,242,Hordeum_leporinum
POACEAE,Hordeum,marinum,14,2,5.5,,,1,,1,1,243,Hordeum_marinum
POACEAE,Hordeum,marinum,28,4,9.82,,,0,,1,0,243,Hordeum_marinum
POACEAE,Hordeum,murinum,14,2,5.55,,,1,,1,1,244,Hordeum_murinum
POACEAE,Hordeum,murinum,28,4,11.1,,,0,,1,0,244,Hordeum_murinum
POACEAE,Hordeum,murinum,42,6,14.93,,,0,,1,0,244,Hordeum_murinum
POACEAE,Koeleria,macrantha,14,2,2.43,,,1,,1,1,245,Koeleria_macrantha
POACEAE,Koeleria,macrantha,28,4,4.66,,,0,,1,0,245,Koeleria_macrantha
POACEAE,Oryza,punctata,24,2,0.55,,,1,,1,1,246,Oryza_punctata
POACEAE,Oryza,punctata,48,4,1.7,,,0,,1,0,246,Oryza_punctata
POACEAE,Panicum,virgatum,36,4,1.35,,,1,,1,1,247,Panicum_virgatum
POACEAE,Panicum,virgatum,54,6,1.95,,,0,,1,0,247,Panicum_virgatum
POACEAE,Panicum,virgatum,72,8,2.35,,,0,,1,0,247,Panicum_virgatum
POACEAE,Paspalum,dilatatum,40,4,1.15,,,1,,1,1,248,Paspalum_dilatatum
POACEAE,Paspalum,dilatatum,50,5,1.48,,,0,,1,0,248,Paspalum_dilatatum
POACEAE,Paspalum,dilatatum,60,6,1.79,,,0,,1,0,248,Paspalum_dilatatum
POACEAE,Paspalum,notatum,20,2,0.72,,,1,,1,1,249,Paspalum_notatum
POACEAE,Paspalum,notatum,,,1.05,,,0,,,0,249,Paspalum_notatum
POACEAE,Paspalum,quadrifarium,20,2,0.93,,,1,,1,1,250,Paspalum_quadrifarium
POACEAE,Paspalum,quadrifarium,40,4,1.61,,,0,,1,0,250,Paspalum_quadrifarium
POACEAE,Pennisetum,pedicellatum,36,4,2.2,,,1,,1,1,251,Pennisetum_pedicellatum
POACEAE,Pennisetum,pedicellatum,54,6,2.8,,,0,,1,0,251,Pennisetum_pedicellatum
POACEAE,Pennisetum,polystachyon,36,4,2.13,,,1,,1,1,252,Pennisetum_polystachyon
POACEAE,Pennisetum,polystachyon,54,6,2.85,,,0,,1,0,252,Pennisetum_polystachyon
POACEAE,Pennisetum,setaceum,27,3,1.4,,,1,,1,1,253,Pennisetum_setaceum
POACEAE,Pennisetum,setaceum,54,6,2.65,,,0,,1,0,253,Pennisetum_setaceum
POACEAE,Phalaris,arundinacea,28,4,4.13,,,1,,1,1,254,Phalaris_arundinacea
POACEAE,Phalaris,arundinacea,42,6,5.7,,,0,,1,0,254,Phalaris_arundinacea
POACEAE,Phleum,commutatum,14,2,1.36,,,1,,1,1,255,Phleum_commutatum
POACEAE,Phleum,commutatum,28,4,3.1,,,0,,1,0,255,Phleum_commutatum
POACEAE,Rytidosperma,thomsonii,24,2,1.76,,,1,,1,1,256,Rytidosperma_thomsonii
POACEAE,Rytidosperma,thomsonii,48,4,3.14,,,0,,1,0,256,Rytidosperma_thomsonii
POACEAE,Saccharum,robustum,60,6,3.83,,,1,,1,1,257,Saccharum_robustum
POACEAE,Saccharum,robustum,80,8,4.3,,,0,,1,0,257,Saccharum_robustum
POACEAE,Sesleria,heufleriana,28,4,4.8,,,1,,1,1,258,Sesleria_heufleriana
POACEAE,Sesleria,heufleriana,56,8,9.48,,,0,,1,0,258,Sesleria_heufleriana
POACEAE,Sorghum,bicolor,20,2,0.75,,,1,,1,1,259,Sorghum_bicolor
POACEAE,Sorghum,bicolor,40,4,1.68,,,0,,1,0,259,Sorghum_bicolor
POACEAE,Sorghum,plumosum,30,,3.83,,,1,,,0,260,Sorghum_plumosum
POACEAE,Sorghum,plumosum,40,,5.15,,,0,,,0,260,Sorghum_plumosum
POACEAE,Sorghum,versicolor,10,2,2.13,,,1,,1,1,261,Sorghum_versicolor
POACEAE,Sorghum,versicolor,20,4,3.34,,,0,,1,0,261,Sorghum_versicolor
POACEAE,Triticale,(hexaploid),42,6,19.8,,,1,,1,1,262,Triticale_(hexaploid)
POACEAE,Triticale,(octoploid),56,8,25.98,,,0,,1,0,262,Triticale_(octoploid)
POLYGONACEAE,Fallopia,japonica,44,4,2.43,,,1,,1,1,263,Fallopia_japonica
POLYGONACEAE,Fallopia,japonica,88,8,4.82,,,0,,1,0,263,Fallopia_japonica
POLYGONACEAE,Fallopia,sachalinensis,44,4,2.16,,,1,,1,1,264,Fallopia_sachalinensis
POLYGONACEAE,Fallopia,sachalinensis,66,6,3.21,,,0,,1,0,264,Fallopia_sachalinensis
POLYGONACEAE,Fallopia,sachalinensis,88,8,4.44,,,0,,1,0,264,Fallopia_sachalinensis
POLYGONACEAE,Fallopia,x bohemica,44,4,2.32,,,1,,1,1,265,Fallopia_x bohemica
POLYGONACEAE,Fallopia,x bohemica,66,6,3.47,,,0,,1,0,265,Fallopia_x bohemica
POLYGONACEAE,Fallopia,x bohemica,88,8,4.63,,,0,,1,0,265,Fallopia_x bohemica
RANUNCULACEAE,Hepatica,nobilis,14,2,19.15,,,1,,1,1,266,Hepatica_nobilis
RANUNCULACEAE,Hepatica,nobilis,28,4,44.6,,,0,,1,0,266,Hepatica_nobilis
RANUNCULACEAE,Ranunculus,acris,14,2,4.45,,,1,,1,1,267,Ranunculus_acris
RANUNCULACEAE,Ranunculus,acris,28,4,7.8,,,0,,1,0,267,Ranunculus_acris
RANUNCULACEAE,Ranunculus,adoneus,16,2,2.94,,,1,,1,1,268,Ranunculus_adoneus
RANUNCULACEAE,Ranunculus,adoneus,32,4,5.98,,,0,,1,0,268,Ranunculus_adoneus
RANUNCULACEAE,Ranunculus,carpaticola,16,2,3.06,,,1,,1,1,269,Ranunculus_carpaticola
RANUNCULACEAE,Ranunculus,carpaticola,48,6,8.05,,,0,,1,0,269,Ranunculus_carpaticola
RANUNCULACEAE,Ranunculus,cassubicifolius,16,2,3.15,,,1,,1,1,270,Ranunculus_cassubicifolius
RANUNCULACEAE,Ranunculus,cassubicifolius,32,4,5.85,,,0,,1,0,270,Ranunculus_cassubicifolius
RANUNCULACEAE,Ranunculus,escholtzii,16,2,3.15,,,1,,1,1,271,Ranunculus_escholtzii
RANUNCULACEAE,Ranunculus,escholtzii,32,4,7.33,,,0,,1,0,271,Ranunculus_escholtzii
RANUNCULACEAE,Ranunculus,escholtzii,48,6,9.67,,,0,,1,0,271,Ranunculus_escholtzii
RANUNCULACEAE,Ranunculus,ficaria,16,2,9.33,,,1,,1,1,272,Ranunculus_ficaria
RANUNCULACEAE,Ranunculus,ficaria,24,3,14.18,,,0,,1,0,272,Ranunculus_ficaria
RANUNCULACEAE,Ranunculus,ficaria,32,4,19.1,,,0,,1,0,272,Ranunculus_ficaria
RANUNCULACEAE,Ranunculus,flammula,32,4,6.35,,,1,,1,1,273,Ranunculus_flammula
RANUNCULACEAE,Ranunculus,flammula,48,6,7.33,,,0,,1,0,273,Ranunculus_flammula
ROSACEAE,Crataegus,laevigata,34,2,0.74,,,1,,1,1,274,Crataegus_laevigata
ROSACEAE,Crataegus,laevigata,,4,1.56,,,0,,,0,274,Crataegus_laevigata
ROSACEAE,Crataegus,pinnatifida,,2,0.78,,,1,,,0,275,Crataegus_pinnatifida
ROSACEAE,Crataegus,pinnatifida,,4,1.6,,,0,,,0,275,Crataegus_pinnatifida
ROSACEAE,Crataegus,suksdorfii,,2,0.71,,,1,,,0,276,Crataegus_suksdorfii
ROSACEAE,Crataegus,suksdorfii,,4,1.48,,,0,,,0,276,Crataegus_suksdorfii
ROSACEAE,Crataegus,triflora,,2,0.68,,,1,,,0,277,Crataegus_triflora
ROSACEAE,Crataegus,triflora,,4,1.34,,,0,,,0,277,Crataegus_triflora
ROSACEAE,Malus,coronaria,51,3,1.21,,,1,,1,1,278,Malus_coronaria
ROSACEAE,Malus,coronaria,68,4,1.59,,,0,,1,0,278,Malus_coronaria
ROSACEAE,Malus,hupehensis,34,2,0.73,,,1,,1,1,279,Malus_hupehensis
ROSACEAE,Malus,hupehensis,51,3,1.06,,,0,,1,0,279,Malus_hupehensis
ROSACEAE,Malus,ioensis,34,2,0.78,,,1,,1,1,280,Malus_ioensis
ROSACEAE,Malus,ioensis,51,3,1.21,,,0,,1,0,280,Malus_ioensis
ROSACEAE,Malus,komarovii,51,3,1.12,,,1,,1,1,281,Malus_komarovii
ROSACEAE,Malus,komarovii,68,4,1.46,,,0,,1,0,281,Malus_komarovii
ROSACEAE,Malus,sargentii,51,3,1.14,0,,1,,1,1,282,Malus_sargentii
ROSACEAE,Malus,sargentii,68,4,1.46,0,,0,,1,0,282,Malus_sargentii
ROSACEAE,Malus,sargentii,85,5,1.94,,,0,,1,0,282,Malus_sargentii
ROSACEAE,Malus,sieboldii,34,2,0.77,,,1,,1,1,283,Malus_sieboldii
ROSACEAE,Malus,sieboldii,51,3,1.1,,,0,,1,0,283,Malus_sieboldii
ROSACEAE,Malus,sieboldii,68,4,1.44,,,0,,1,0,283,Malus_sieboldii
ROSACEAE,Malus,sikkimensis,51,3,1.08,,,1,,1,1,284,Malus_sikkimensis
ROSACEAE,Malus,sikkimensis,68,4,1.43,,,0,,1,0,284,Malus_sikkimensis
ROSACEAE,Malus,sikkimensis,85,5,1.77,,,0,,1,0,284,Malus_sikkimensis
ROSACEAE,Malus,spectabilis,34,2,0.75,,,1,,1,1,285,Malus_spectabilis
ROSACEAE,Malus,spectabilis,51,3,1.1,,,0,,1,0,285,Malus_spectabilis
ROSACEAE,Malus,toringoides,51,3,1.1,,,1,,1,1,286,Malus_toringoides
ROSACEAE,Malus,toringoides,68,4,1.48,,,0,,1,0,286,Malus_toringoides
ROSACEAE,Rosa,x hybrida,14,2,0.59,,,1,,1,1,287,Rosa_x hybrida
ROSACEAE,Rosa,x hybrida,21,3,0.9,,,0,,1,0,287,Rosa_x hybrida
ROSACEAE,Rosa,x hybrida,28,4,1.15,,,0,,1,0,287,Rosa_x hybrida
ROSACEAE,Rubus,alceifolius,21,3,0.65,,,1,,1,1,288,Rubus_alceifolius
ROSACEAE,Rubus,alceifolius,28,4,0.86,,,0,,1,0,288,Rubus_alceifolius
ROSACEAE,Sorbus,aria,34,2,0.71,,,1,,1,1,,Sorbus_aria
ROSACEAE,Sorbus,aria x intermedia,51,3,1.05,,,0,,1,0,,Sorbus_aria x intermedia
ROSACEAE,Sorbus,torminalis,34,2,0.75,,,1,,1,1,289,Sorbus_torminalis
ROSACEAE,Sorbus,torminalis,51,3,1.12,,,0,,1,0,289,Sorbus_torminalis
RUBIACEAE,Anthospermum,spathulatum,22,2,0.98,,,1,,1,1,290,Anthospermum_spathulatum
RUBIACEAE,Anthospermum,spathulatum,44,4,2.3,,,0,,1,0,290,Anthospermum_spathulatum
RUBIACEAE,Anthospermum,spathulatum,88,8,5.08,,,0,,1,0,290,Anthospermum_spathulatum
SALICACEAE,Salix,viminalis,38,2,0.41,,,1,,1,1,291,Salix_viminalis
SALICACEAE,Salix,viminalis,76,4,0.81,,,0,,1,0,291,Salix_viminalis
SAPINDACEAE,Acer,campestre,26,2,0.69,,,1,,1,1,292,Acer_campestre
SAPINDACEAE,Acer,campestre,52,4,1.35,,,0,,1,0,292,Acer_campestre
SAPINDACEAE,Acer,x bornmuelleri,26,2,0.7,,,1,,1,1,293,Acer_x bornmuelleri
SAPINDACEAE,Acer,x bornmuelleri,39,3,1.04,,,0,,1,0,293,Acer_x bornmuelleri
SAXIFRAGACEAE,Saxifraga,granulata,22,2,0.68,,1,1,,1,1,294,Saxifraga_granulata
SAXIFRAGACEAE,Saxifraga,granulata,44,4,1.78,0,1,0,,1,0,294,Saxifraga_granulata
SAXIFRAGACEAE,Saxifraga,granulata,52,,2.38,0,1,0,,,0,294,Saxifraga_granulata
SOLANACEAE,Lycium,chilense,24,2,1.78,,,1,,1,1,295,Lycium_chilense
SOLANACEAE,Lycium,chilense,48,4,3.25,,,0,,1,0,295,Lycium_chilense
SOLANACEAE,Solanum,tuberosum,24,2,0.88,,,1,,1,1,296,Solanum_tuberosum
SOLANACEAE,Solanum,tuberosum,48,4,2.1,,,0,,1,0,296,Solanum_tuberosum
XANTHORRHOEACEAE,Aloe,ciliaris,14,2,10.75,,,1,,1,1,297,Aloe_ciliaris
XANTHORRHOEACEAE,Aloe,ciliaris,35,5,26.65,,,0,,1,0,297,Aloe_ciliaris
XANTHORRHOEACEAE,Aloe,ciliaris,42,6,31.35,,,0,,1,0,297,Aloe_ciliaris
XANTHORRHOEACEAE,Bulbine,bulbosa,24,2,14.55,,1,1,,1,1,298,Bulbine_bulbosa
XANTHORRHOEACEAE,Bulbine,bulbosa,46,4,13.7,,1,0,,1,0,298,Bulbine_bulbosa
XANTHORRHOEACEAE,Bulbine,bulbosa,72,6,34.15,,1,0,,1,0,298,Bulbine_bulbosa
XANTHORRHOEACEAE,Bulbine,semibarbata,26,2,8.88,,,1,,1,1,299,Bulbine_semibarbata
XANTHORRHOEACEAE,Bulbine,semibarbata,54,4,17,,,0,,1,0,299,Bulbine_semibarbata
XANTHORRHOEACEAE,Bulbine,semibarbata,78,6,19.9,,,0,,1,0,299,Bulbine_semibarbata
XANTHORRHOEACEAE,Gasteria,acinacifolia,14,2,19.35,,,1,,1,1,300,Gasteria_acinacifolia
XANTHORRHOEACEAE,Gasteria,acinacifolia,28,4,38.3,,,0,,1,0,300,Gasteria_acinacifolia
XANTHORRHOEACEAE,Gasteria,brachyphylla,14,2,17.6,,,1,,1,1,301,Gasteria_brachyphylla
XANTHORRHOEACEAE,Gasteria,brachyphylla,28,4,33.1,,,0,,1,0,301,Gasteria_brachyphylla
XANTHORRHOEACEAE,Gasteria,excelsa,14,2,18.7,,,1,,1,1,302,Gasteria_excelsa
XANTHORRHOEACEAE,Gasteria,excelsa,28,4,36,,,0,,1,0,302,Gasteria_excelsa
ZINGIBERACEAE,Curcuma,aromatica,42,6,0.93,,,1,,1,1,303,Curcuma_aromatica
ZINGIBERACEAE,Curcuma,aromatica,63,9,1.42,,,0,,1,0,303,Curcuma_aromatica
ZYGOPHYLLACEAE,Larrea,tridentata,26,2,0.75,,,1,,1,1,304,Larrea_tridentata
ZYGOPHYLLACEAE,Larrea,tridentata,52,4,1.28,,,0,,1,0,304,Larrea_tridentata
ZYGOPHYLLACEAE,Larrea,tridentata,78,6,1.6,,,0,,1,0,304,Larrea_tridentata